<?xml version="1.0" encoding="UTF-8"?>
<DocSetNodes version="1.0">
    <TOC>
        <Node type="folder">
            <Name>documentation.IFlyMSC</Name>
            <Path>index.html</Path>
			<Subnodes>
                
				
				<Node type="folder">
					<Name>Classes</Name>
					<Path>index.html</Path>
					<Subnodes>
						<NodeRef refid="1"/>
						<NodeRef refid="2"/>
						<NodeRef refid="3"/>
						<NodeRef refid="4"/>
						<NodeRef refid="5"/>
						<NodeRef refid="6"/>
						<NodeRef refid="7"/>
						<NodeRef refid="8"/>
						<NodeRef refid="9"/>
						<NodeRef refid="10"/>
						<NodeRef refid="11"/>
						<NodeRef refid="12"/>
						<NodeRef refid="13"/>
						<NodeRef refid="14"/>
						<NodeRef refid="15"/>
						<NodeRef refid="16"/>
						<NodeRef refid="17"/>
						<NodeRef refid="18"/>
						<NodeRef refid="19"/>
						<NodeRef refid="20"/>
						<NodeRef refid="21"/>
						
					</Subnodes>
				</Node>
				
				
				
				<Node type="folder">
					<Name>Protocols</Name>
					<Path>index.html</Path>
					<Subnodes>
						<NodeRef refid="22"/>
						<NodeRef refid="23"/>
						<NodeRef refid="24"/>
						<NodeRef refid="25"/>
						<NodeRef refid="26"/>
						<NodeRef refid="27"/>
						<NodeRef refid="28"/>
						<NodeRef refid="29"/>
						
					</Subnodes>
				</Node>
				
			</Subnodes>
        </Node>
    </TOC>
	<Library>
		
		<Node id="1">
			<Name>IFlyContact</Name>
			<Path>Classes/IFlyContact.html</Path>
		</Node>
		<Node id="2">
			<Name>IFlyDataDownloader</Name>
			<Path>Classes/IFlyDataDownloader.html</Path>
		</Node>
		<Node id="3">
			<Name>IFlyDataUploader</Name>
			<Path>Classes/IFlyDataUploader.html</Path>
		</Node>
		<Node id="4">
			<Name>IFlyDebugLog</Name>
			<Path>Classes/IFlyDebugLog.html</Path>
		</Node>
		<Node id="5">
			<Name>IFlyISERecognizer</Name>
			<Path>Classes/IFlyISERecognizer.html</Path>
		</Node>
		<Node id="6">
			<Name>IFlyIdentityVerifier</Name>
			<Path>Classes/IFlyIdentityVerifier.html</Path>
		</Node>
		<Node id="7">
			<Name>IFlyPcmRecorder</Name>
			<Path>Classes/IFlyPcmRecorder.html</Path>
		</Node>
		<Node id="8">
			<Name>IFlyRecognizerView</Name>
			<Path>Classes/IFlyRecognizerView.html</Path>
		</Node>
		<Node id="9">
			<Name>IFlyResourceUtil</Name>
			<Path>Classes/IFlyResourceUtil.html</Path>
		</Node>
		<Node id="10">
			<Name>IFlySetting</Name>
			<Path>Classes/IFlySetting.html</Path>
		</Node>
		<Node id="11">
			<Name>IFlySpeechConstant</Name>
			<Path>Classes/IFlySpeechConstant.html</Path>
		</Node>
		<Node id="12">
			<Name>IFlySpeechError</Name>
			<Path>Classes/IFlySpeechError.html</Path>
		</Node>
		<Node id="13">
			<Name>IFlySpeechEvaluator</Name>
			<Path>Classes/IFlySpeechEvaluator.html</Path>
		</Node>
		<Node id="14">
			<Name>IFlySpeechRecognizer</Name>
			<Path>Classes/IFlySpeechRecognizer.html</Path>
		</Node>
		<Node id="15">
			<Name>IFlySpeechSynthesizer</Name>
			<Path>Classes/IFlySpeechSynthesizer.html</Path>
		</Node>
		<Node id="16">
			<Name>IFlySpeechUnderstander</Name>
			<Path>Classes/IFlySpeechUnderstander.html</Path>
		</Node>
		<Node id="17">
			<Name>IFlySpeechUtility</Name>
			<Path>Classes/IFlySpeechUtility.html</Path>
		</Node>
		<Node id="18">
			<Name>IFlyTextUnderstander</Name>
			<Path>Classes/IFlyTextUnderstander.html</Path>
		</Node>
		<Node id="19">
			<Name>IFlyUserWords</Name>
			<Path>Classes/IFlyUserWords.html</Path>
		</Node>
		<Node id="20">
			<Name>IFlyVerifierUtil</Name>
			<Path>Classes/IFlyVerifierUtil.html</Path>
		</Node>
		<Node id="21">
			<Name>IFlyVoiceWakeuper</Name>
			<Path>Classes/IFlyVoiceWakeuper.html</Path>
		</Node>
		
		
		<Node id="22">
			<Name>IFlyIdentityVerifierDelegate</Name>
			<Path>Protocols/IFlyIdentityVerifierDelegate.html</Path>
		</Node>
		<Node id="23">
			<Name>IFlyPcmRecorderDelegate</Name>
			<Path>Protocols/IFlyPcmRecorderDelegate.html</Path>
		</Node>
		<Node id="24">
			<Name>IFlyRecognizerViewDelegate</Name>
			<Path>Protocols/IFlyRecognizerViewDelegate.html</Path>
		</Node>
		<Node id="25">
			<Name>IFlySpeechEvaluatorDelegate</Name>
			<Path>Protocols/IFlySpeechEvaluatorDelegate.html</Path>
		</Node>
		<Node id="26">
			<Name>IFlySpeechRecognizerDelegate</Name>
			<Path>Protocols/IFlySpeechRecognizerDelegate.html</Path>
		</Node>
		<Node id="27">
			<Name>IFlySpeechSynthesizerDelegate</Name>
			<Path>Protocols/IFlySpeechSynthesizerDelegate.html</Path>
		</Node>
		<Node id="28">
			<Name>IFlySpeechplusDelegate</Name>
			<Path>Protocols/IFlySpeechplusDelegate.html</Path>
		</Node>
		<Node id="29">
			<Name>IFlyVoiceWakeuperDelegate</Name>
			<Path>Protocols/IFlyVoiceWakeuperDelegate.html</Path>
		</Node>
		
	</Library>
</DocSetNodes>