<?xml version="1.0" encoding="UTF-8"?>
<Tokens version="1.0">
	<File path="Classes/IFlySpeechSynthesizer.html">
		
		<Token>
			<TokenIdentifier>//apple_ref/occ/cl/IFlySpeechSynthesizer</TokenIdentifier>
			<Abstract type="html">语音合成</Abstract>
			<DeclaredIn>IFlySpeechSynthesizer.h</DeclaredIn>
			
			<NodeRef refid="15"/>
		</Token>
		
		
		<Token>
			<TokenIdentifier>//apple_ref/occ/instm/IFlySpeechSynthesizer/setDelegate:</TokenIdentifier>
			<Abstract type="html">设置识别的委托对象</Abstract>
			<DeclaredIn>IFlySpeechSynthesizer.h</DeclaredIn>			
			
			<Declaration>@property (nonatomic, assign) id&lt;IFlySpeechSynthesizerDelegate&gt; delegate</Declaration>
			
			
			<Anchor>//api/name/delegate</Anchor>
            <NodeRef refid="15"/>
		</Token>
		
		<Token>
			<TokenIdentifier>//apple_ref/occ/instm/IFlySpeechSynthesizer/delegate</TokenIdentifier>
			<Abstract type="html">设置识别的委托对象</Abstract>
			<DeclaredIn>IFlySpeechSynthesizer.h</DeclaredIn>			
			
			<Declaration>@property (nonatomic, assign) id&lt;IFlySpeechSynthesizerDelegate&gt; delegate</Declaration>
			
			
			<Anchor>//api/name/delegate</Anchor>
            <NodeRef refid="15"/>
		</Token>
		
		<Token>
			<TokenIdentifier>//apple_ref/occ/instp/IFlySpeechSynthesizer/delegate</TokenIdentifier>
			<Abstract type="html">设置识别的委托对象</Abstract>
			<DeclaredIn>IFlySpeechSynthesizer.h</DeclaredIn>			
			
			<Declaration>@property (nonatomic, assign) id&lt;IFlySpeechSynthesizerDelegate&gt; delegate</Declaration>
			
			
			<Anchor>//api/name/delegate</Anchor>
            <NodeRef refid="15"/>
		</Token>
		
		<Token>
			<TokenIdentifier>//apple_ref/occ/clm/IFlySpeechSynthesizer/sharedInstance</TokenIdentifier>
			<Abstract type="html">返回合成对象的单例</Abstract>
			<DeclaredIn>IFlySpeechSynthesizer.h</DeclaredIn>			
			
			<Declaration>+ (id)sharedInstance</Declaration>
			
			<ReturnValue><Abstract type="html">合成对象</Abstract></ReturnValue>
			<Anchor>//api/name/sharedInstance</Anchor>
            <NodeRef refid="15"/>
		</Token>
		
		<Token>
			<TokenIdentifier>//apple_ref/occ/clm/IFlySpeechSynthesizer/destroy</TokenIdentifier>
			<Abstract type="html">销毁合成对象。</Abstract>
			<DeclaredIn>IFlySpeechSynthesizer.h</DeclaredIn>			
			
			<Declaration>+ (BOOL)destroy</Declaration>
			
			<ReturnValue><Abstract type="html">成功返回YES,失败返回NO.</Abstract></ReturnValue>
			<Anchor>//api/name/destroy</Anchor>
            <NodeRef refid="15"/>
		</Token>
		
		<Token>
			<TokenIdentifier>//apple_ref/occ/instm/IFlySpeechSynthesizer/setParameter:forKey:</TokenIdentifier>
			<Abstract type="html">设置合成参数
&lt;table&gt;
&lt;thead&gt;
&lt;tr&gt;&lt;th&gt;参数&lt;/th&gt;&lt;th&gt;&lt;em&gt;描述&lt;/em&gt;&lt;/th&gt;
&lt;/tr&gt;
&lt;/thead&gt;
&lt;tbody&gt;
&lt;tr&gt;&lt;td&gt;speed&lt;/td&gt;&lt;td&gt;合成语速,取值范围 0~100&lt;/td&gt;&lt;/tr&gt;
&lt;tr&gt;&lt;td&gt;volume&lt;/td&gt;&lt;td&gt;合成的音量,取值范围 0~100&lt;/td&gt;&lt;/tr&gt;
&lt;tr&gt;&lt;td&gt;voice_name&lt;/td&gt;&lt;td&gt;默认为”xiaoyan”；可以设置的参数列表可参考个性化发音人列表&lt;/td&gt;&lt;/tr&gt;
&lt;tr&gt;&lt;td&gt;sample_rate&lt;/td&gt;&lt;td&gt;采样率:目前支持的采样率设置有 16000 和 8000。&lt;/td&gt;&lt;/tr&gt;
&lt;tr&gt;&lt;td&gt;ttsaudiopath&lt;/td&gt;&lt;td&gt;音频文件名 设置此参数后，将会自动保存合成的音频文件。&lt;br/&gt;路径为Documents/(指定值)。不设置或者设置为nil，则不保存音频。&lt;/td&gt;&lt;/tr&gt;
&lt;tr&gt;&lt;td&gt;params&lt;/td&gt;&lt;td&gt;扩展参数: 对于一些特殊的参数可在此设置。&lt;/td&gt;&lt;/tr&gt;
&lt;/tbody&gt;
&lt;/table&gt;</Abstract>
			<DeclaredIn>IFlySpeechSynthesizer.h</DeclaredIn>			
			
			<Declaration>- (BOOL)setParameter:(NSString *)value forKey:(NSString *)key</Declaration>
			<Parameters>
				<Parameter>
					<Name>value</Name>
					<Abstract type="html">参数取值</Abstract>
				</Parameter><Parameter>
					<Name>key</Name>
					<Abstract type="html">合成参数</Abstract>
				</Parameter>
			</Parameters>
			<ReturnValue><Abstract type="html">设置成功返回YES，失败返回NO</Abstract></ReturnValue>
			<Anchor>//api/name/setParameter:forKey:</Anchor>
            <NodeRef refid="15"/>
		</Token>
		
		<Token>
			<TokenIdentifier>//apple_ref/occ/instm/IFlySpeechSynthesizer/parameterForKey:</TokenIdentifier>
			<Abstract type="html">获取合成参数</Abstract>
			<DeclaredIn>IFlySpeechSynthesizer.h</DeclaredIn>			
			
			<Declaration>- (NSString *)parameterForKey:(NSString *)key</Declaration>
			<Parameters>
				<Parameter>
					<Name>key</Name>
					<Abstract type="html">参数key</Abstract>
				</Parameter>
			</Parameters>
			<ReturnValue><Abstract type="html">参数值</Abstract></ReturnValue>
			<Anchor>//api/name/parameterForKey:</Anchor>
            <NodeRef refid="15"/>
		</Token>
		
		<Token>
			<TokenIdentifier>//apple_ref/occ/instm/IFlySpeechSynthesizer/startSpeaking:</TokenIdentifier>
			<Abstract type="html">开始合成(播放)
调用此函数进行合成，如果发生错误会回调错误onCompleted</Abstract>
			<DeclaredIn>IFlySpeechSynthesizer.h</DeclaredIn>			
			
			<Declaration>- (void)startSpeaking:(NSString *)text</Declaration>
			<Parameters>
				<Parameter>
					<Name>text</Name>
					<Abstract type="html">合成的文本,最大的字节数为1k</Abstract>
				</Parameter>
			</Parameters>
			
			<Anchor>//api/name/startSpeaking:</Anchor>
            <NodeRef refid="15"/>
		</Token>
		
		<Token>
			<TokenIdentifier>//apple_ref/occ/instm/IFlySpeechSynthesizer/synthesize:toUri:</TokenIdentifier>
			<Abstract type="html">开始合成(不播放)
调用此函数进行合成，如果发生错误会回调错误onCompleted</Abstract>
			<DeclaredIn>IFlySpeechSynthesizer.h</DeclaredIn>			
			
			<Declaration>- (void)synthesize:(NSString *)text toUri:(NSString *)uri</Declaration>
			<Parameters>
				<Parameter>
					<Name>text</Name>
					<Abstract type="html">合成的文本,最大的字节数为1k</Abstract>
				</Parameter><Parameter>
					<Name>uri</Name>
					<Abstract type="html">合成后，保存再本地的音频路径</Abstract>
				</Parameter>
			</Parameters>
			
			<Anchor>//api/name/synthesize:toUri:</Anchor>
            <NodeRef refid="15"/>
		</Token>
		
		<Token>
			<TokenIdentifier>//apple_ref/occ/instm/IFlySpeechSynthesizer/pauseSpeaking</TokenIdentifier>
			<Abstract type="html">暂停播放
暂停播放之后，合成不会暂停，仍会继续，如果发生错误则会回调错误onCompleted</Abstract>
			<DeclaredIn>IFlySpeechSynthesizer.h</DeclaredIn>			
			
			<Declaration>- (void)pauseSpeaking</Declaration>
			
			
			<Anchor>//api/name/pauseSpeaking</Anchor>
            <NodeRef refid="15"/>
		</Token>
		
		<Token>
			<TokenIdentifier>//apple_ref/occ/instm/IFlySpeechSynthesizer/resumeSpeaking</TokenIdentifier>
			<Abstract type="html">恢复播放</Abstract>
			<DeclaredIn>IFlySpeechSynthesizer.h</DeclaredIn>			
			
			<Declaration>- (void)resumeSpeaking</Declaration>
			
			
			<Anchor>//api/name/resumeSpeaking</Anchor>
            <NodeRef refid="15"/>
		</Token>
		
		<Token>
			<TokenIdentifier>//apple_ref/occ/instm/IFlySpeechSynthesizer/stopSpeaking</TokenIdentifier>
			<Abstract type="html">停止播放并停止合成</Abstract>
			<DeclaredIn>IFlySpeechSynthesizer.h</DeclaredIn>			
			
			<Declaration>- (void)stopSpeaking</Declaration>
			
			
			<Anchor>//api/name/stopSpeaking</Anchor>
            <NodeRef refid="15"/>
		</Token>
		
		<Token>
			<TokenIdentifier>//apple_ref/occ/instm/IFlySpeechSynthesizer/setIsSpeaking:</TokenIdentifier>
			<Abstract type="html">是否正在播放</Abstract>
			<DeclaredIn>IFlySpeechSynthesizer.h</DeclaredIn>			
			
			<Declaration>@property (nonatomic, readonly) BOOL isSpeaking</Declaration>
			
			
			<Anchor>//api/name/isSpeaking</Anchor>
            <NodeRef refid="15"/>
		</Token>
		
		<Token>
			<TokenIdentifier>//apple_ref/occ/instm/IFlySpeechSynthesizer/isSpeaking</TokenIdentifier>
			<Abstract type="html">是否正在播放</Abstract>
			<DeclaredIn>IFlySpeechSynthesizer.h</DeclaredIn>			
			
			<Declaration>@property (nonatomic, readonly) BOOL isSpeaking</Declaration>
			
			
			<Anchor>//api/name/isSpeaking</Anchor>
            <NodeRef refid="15"/>
		</Token>
		
		<Token>
			<TokenIdentifier>//apple_ref/occ/instp/IFlySpeechSynthesizer/isSpeaking</TokenIdentifier>
			<Abstract type="html">是否正在播放</Abstract>
			<DeclaredIn>IFlySpeechSynthesizer.h</DeclaredIn>			
			
			<Declaration>@property (nonatomic, readonly) BOOL isSpeaking</Declaration>
			
			
			<Anchor>//api/name/isSpeaking</Anchor>
            <NodeRef refid="15"/>
		</Token>
		
	</File>
</Tokens>