<?xml version="1.0" encoding="UTF-8"?>
<Tokens version="1.0">
	<File path="Classes/IFlySetting.html">
		
		<Token>
			<TokenIdentifier>//apple_ref/occ/cl/IFlySetting</TokenIdentifier>
			<Abstract type="html">此接口为iflyMSC sdk 配置接口。
可以获取版本号，设置日志打印等级等</Abstract>
			<DeclaredIn>IFlySetting.h</DeclaredIn>
			
			<NodeRef refid="10"/>
		</Token>
		
		
		<Token>
			<TokenIdentifier>//apple_ref/occ/clm/IFlySetting/getVersion</TokenIdentifier>
			<Abstract type="html">获取版本号</Abstract>
			<DeclaredIn>IFlySetting.h</DeclaredIn>			
			
			<Declaration>+ (NSString *)getVersion</Declaration>
			
			<ReturnValue><Abstract type="html">版本号</Abstract></ReturnValue>
			<Anchor>//api/name/getVersion</Anchor>
            <NodeRef refid="10"/>
		</Token>
		
		<Token>
			<TokenIdentifier>//apple_ref/occ/clm/IFlySetting/logLvl</TokenIdentifier>
			<Abstract type="html">获取日志等级</Abstract>
			<DeclaredIn>IFlySetting.h</DeclaredIn>			
			
			<Declaration>+ (LOG_LEVEL)logLvl</Declaration>
			
			<ReturnValue><Abstract type="html">返回日志等级</Abstract></ReturnValue>
			<Anchor>//api/name/logLvl</Anchor>
            <NodeRef refid="10"/>
		</Token>
		
		<Token>
			<TokenIdentifier>//apple_ref/occ/clm/IFlySetting/showLogcat:</TokenIdentifier>
			<Abstract type="html">是否打印控制台log
在软件发布时，建议关闭此log。</Abstract>
			<DeclaredIn>IFlySetting.h</DeclaredIn>			
			
			<Declaration>+ (void)showLogcat:(BOOL)showLog</Declaration>
			<Parameters>
				<Parameter>
					<Name>showLog</Name>
					<Abstract type="html">-[in] YES,打印log;NO,不打印</Abstract>
				</Parameter>
			</Parameters>
			
			<Anchor>//api/name/showLogcat:</Anchor>
            <NodeRef refid="10"/>
		</Token>
		
		<Token>
			<TokenIdentifier>//apple_ref/occ/clm/IFlySetting/setLogFile:</TokenIdentifier>
			<Abstract type="html">设置日志msc.log生成路径以及日志等级
&lt;table&gt;
&lt;thead&gt;
&lt;tr&gt;&lt;th&gt;*日志打印等级&lt;/th&gt;&lt;th&gt;&lt;em&gt;描述&lt;/em&gt;&lt;/th&gt;
&lt;/tr&gt;
&lt;/thead&gt;
&lt;tbody&gt;
&lt;tr&gt;&lt;td&gt;LVL_ALL&lt;/td&gt;&lt;td&gt;全部打印&lt;/td&gt;&lt;/tr&gt;
&lt;tr&gt;&lt;td&gt;LVL_DETAIL&lt;/td&gt;&lt;td&gt;高，异常分析需要的级别&lt;/td&gt;&lt;/tr&gt;
&lt;tr&gt;&lt;td&gt;LVL_NORMAL&lt;/td&gt;&lt;td&gt;中，打印基本日志信息&lt;/td&gt;&lt;/tr&gt;
&lt;tr&gt;&lt;td&gt;LVL_LOW&lt;/td&gt;&lt;td&gt;低，只打印主要日志信息&lt;/td&gt;&lt;/tr&gt;
&lt;tr&gt;&lt;td&gt;LVL_NONE&lt;/td&gt;&lt;td&gt;不打印&lt;/td&gt;&lt;/tr&gt;
&lt;/tbody&gt;
&lt;/table&gt;</Abstract>
			<DeclaredIn>IFlySetting.h</DeclaredIn>			
			
			<Declaration>+ (void)setLogFile:(LOG_LEVEL)level</Declaration>
			<Parameters>
				<Parameter>
					<Name>level</Name>
					<Abstract type="html">-[in] 日志打印等级</Abstract>
				</Parameter>
			</Parameters>
			
			<Anchor>//api/name/setLogFile:</Anchor>
            <NodeRef refid="10"/>
		</Token>
		
		<Token>
			<TokenIdentifier>//apple_ref/occ/clm/IFlySetting/setLogFilePath:</TokenIdentifier>
			<Abstract type="html">设置日志文件的路径
日志文件默认存放在Documents目录。</Abstract>
			<DeclaredIn>IFlySetting.h</DeclaredIn>			
			
			<Declaration>+ (void)setLogFilePath:(NSString *)path</Declaration>
			<Parameters>
				<Parameter>
					<Name>path</Name>
					<Abstract type="html">-[in] 日志文件的全路径</Abstract>
				</Parameter>
			</Parameters>
			
			<Anchor>//api/name/setLogFilePath:</Anchor>
            <NodeRef refid="10"/>
		</Token>
		
	</File>
</Tokens>