<?xml version="1.0" encoding="UTF-8"?>
<Tokens version="1.0">
	<File path="Classes/IFlyISERecognizer.html">
		
		<Token>
			<TokenIdentifier>//apple_ref/occ/cl/IFlyISERecognizer</TokenIdentifier>
			<Abstract type="html"></Abstract>
			<DeclaredIn>IFlyISERecognizer.h</DeclaredIn>
			
			<NodeRef refid="5"/>
		</Token>
		
		
		<Token>
			<TokenIdentifier>//apple_ref/occ/instm/IFlyISERecognizer/startListening:data:textParams:</TokenIdentifier>
			<Abstract type="html">开始识别</Abstract>
			<DeclaredIn>IFlyISERecognizer.h</DeclaredIn>			
			
			<Declaration>- (void)startListening:(NSString *)params data:(NSData *)data textParams:(NSString *)textParams</Declaration>
			<Parameters>
				<Parameter>
					<Name>params</Name>
					<Abstract type="html">-[in] 识别参数</Abstract>
				</Parameter><Parameter>
					<Name>data</Name>
					<Abstract type="html">-[in] 评测的标准答案，需要外部传入</Abstract>
				</Parameter><Parameter>
					<Name>textParams</Name>
					<Abstract type="html">-[in] puttext中传入的文本</Abstract>
				</Parameter>
			</Parameters>
			
			<Anchor>//api/name/startListening:data:textParams:</Anchor>
            <NodeRef refid="5"/>
		</Token>
		
		<Token>
			<TokenIdentifier>//apple_ref/occ/instm/IFlyISERecognizer/stopRecord</TokenIdentifier>
			<Abstract type="html">停止识别</Abstract>
			<DeclaredIn>IFlyISERecognizer.h</DeclaredIn>			
			
			<Declaration>- (BOOL)stopRecord</Declaration>
			
			<ReturnValue><Abstract type="html">成功返回YES,失败返回NO</Abstract></ReturnValue>
			<Anchor>//api/name/stopRecord</Anchor>
            <NodeRef refid="5"/>
		</Token>
		
		<Token>
			<TokenIdentifier>//apple_ref/occ/instm/IFlyISERecognizer/cancel</TokenIdentifier>
			<Abstract type="html">取消本次识别</Abstract>
			<DeclaredIn>IFlyISERecognizer.h</DeclaredIn>			
			
			<Declaration>- (void)cancel</Declaration>
			
			
			<Anchor>//api/name/cancel</Anchor>
            <NodeRef refid="5"/>
		</Token>
		
		<Token>
			<TokenIdentifier>//apple_ref/occ/instm/IFlyISERecognizer/onWaitting</TokenIdentifier>
			<Abstract type="html">等待获取结果</Abstract>
			<DeclaredIn>IFlyISERecognizer.h</DeclaredIn>			
			
			<Declaration>- (void)onWaitting</Declaration>
			
			
			<Anchor>//api/name/onWaitting</Anchor>
            <NodeRef refid="5"/>
		</Token>
		
		<Token>
			<TokenIdentifier>//apple_ref/occ/instm/IFlyISERecognizer/onRecording:</TokenIdentifier>
			<Abstract type="html">正在录音</Abstract>
			<DeclaredIn>IFlyISERecognizer.h</DeclaredIn>			
			
			<Declaration>- (void)onRecording:(NSDate *)date</Declaration>
			
			
			<Anchor>//api/name/onRecording:</Anchor>
            <NodeRef refid="5"/>
		</Token>
		
		<Token>
			<TokenIdentifier>//apple_ref/occ/instm/IFlyISERecognizer/onStopRecord</TokenIdentifier>
			<Abstract type="html">停止录音</Abstract>
			<DeclaredIn>IFlyISERecognizer.h</DeclaredIn>			
			
			<Declaration>- (void)onStopRecord</Declaration>
			
			
			<Anchor>//api/name/onStopRecord</Anchor>
            <NodeRef refid="5"/>
		</Token>
		
		<Token>
			<TokenIdentifier>//apple_ref/occ/instm/IFlyISERecognizer/end</TokenIdentifier>
			<Abstract type="html">结束本次会话</Abstract>
			<DeclaredIn>IFlyISERecognizer.h</DeclaredIn>			
			
			<Declaration>- (void)end</Declaration>
			
			
			<Anchor>//api/name/end</Anchor>
            <NodeRef refid="5"/>
		</Token>
		
		<Token>
			<TokenIdentifier>//apple_ref/occ/instm/IFlyISERecognizer/setState:</TokenIdentifier>
			<Abstract type="html">设置会话状态</Abstract>
			<DeclaredIn>IFlyISERecognizer.h</DeclaredIn>			
			
			<Declaration>- (void)setState:(ISRState)state</Declaration>
			<Parameters>
				<Parameter>
					<Name>state</Name>
					<Abstract type="html">状态</Abstract>
				</Parameter>
			</Parameters>
			
			<Anchor>//api/name/setState:</Anchor>
            <NodeRef refid="5"/>
		</Token>
		
		<Token>
			<TokenIdentifier>//apple_ref/occ/instm/IFlyISERecognizer/setISETimeout:</TokenIdentifier>
			<Abstract type="html">设置超时时间</Abstract>
			<DeclaredIn>IFlyISERecognizer.h</DeclaredIn>			
			
			<Declaration>- (void)setISETimeout:(NSUInteger)timeout</Declaration>
			<Parameters>
				<Parameter>
					<Name>timeout</Name>
					<Abstract type="html">超时时间</Abstract>
				</Parameter>
			</Parameters>
			
			<Anchor>//api/name/setISETimeout:</Anchor>
            <NodeRef refid="5"/>
		</Token>
		
		<Token>
			<TokenIdentifier>//apple_ref/occ/instm/IFlyISERecognizer/setISESamplerate:</TokenIdentifier>
			<Abstract type="html">设置采样率</Abstract>
			<DeclaredIn>IFlyISERecognizer.h</DeclaredIn>			
			
			<Declaration>- (void)setISESamplerate:(NSString *)samplerate</Declaration>
			<Parameters>
				<Parameter>
					<Name>samplerate</Name>
					<Abstract type="html">采样率</Abstract>
				</Parameter>
			</Parameters>
			
			<Anchor>//api/name/setISESamplerate:</Anchor>
            <NodeRef refid="5"/>
		</Token>
		
		<Token>
			<TokenIdentifier>//apple_ref/occ/instm/IFlyISERecognizer/setResultCategory:</TokenIdentifier>
			<Abstract type="html">设置结果格式</Abstract>
			<DeclaredIn>IFlyISERecognizer.h</DeclaredIn>			
			
			<Declaration>- (void)setResultCategory:(IFlyResultCategory)resultCategory</Declaration>
			<Parameters>
				<Parameter>
					<Name>resultCategory</Name>
					<Abstract type="html">结果格式</Abstract>
				</Parameter>
			</Parameters>
			
			<Anchor>//api/name/setResultCategory:</Anchor>
            <NodeRef refid="5"/>
		</Token>
		
		<Token>
			<TokenIdentifier>//apple_ref/occ/instm/IFlyISERecognizer/getParam:</TokenIdentifier>
			<Abstract type="html">获取评测信息</Abstract>
			<DeclaredIn>IFlyISERecognizer.h</DeclaredIn>			
			
			<Declaration>- (NSString *)getParam:(NSString *)key</Declaration>
			<Parameters>
				<Parameter>
					<Name>key</Name>
					<Abstract type="html">参数的名称</Abstract>
				</Parameter>
			</Parameters>
			<ReturnValue><Abstract type="html">参数的值</Abstract></ReturnValue>
			<Anchor>//api/name/getParam:</Anchor>
            <NodeRef refid="5"/>
		</Token>
		
	</File>
</Tokens>