<?xml version="1.0" encoding="UTF-8"?>
<Tokens version="1.0">
	<File path="Classes/IFlyRecognizerView.html">
		
		<Token>
			<TokenIdentifier>//apple_ref/occ/cl/IFlyRecognizerView</TokenIdentifier>
			<Abstract type="html">语音识别控件
录音时触摸控件结束录音，开始识别（相当于旧版的停止）；触摸其他位置，取消录音，结束会话（取消）
出错时触摸控件，重新开启会话（相当于旧版的再说一次）；触摸其他位置，取消录音，结束会话（取消）</Abstract>
			<DeclaredIn>IFlyRecognizerView.h</DeclaredIn>
			
			<NodeRef refid="8"/>
		</Token>
		
		
		<Token>
			<TokenIdentifier>//apple_ref/occ/instm/IFlyRecognizerView/setDelegate:</TokenIdentifier>
			<Abstract type="html">设置委托对象</Abstract>
			<DeclaredIn>IFlyRecognizerView.h</DeclaredIn>			
			
			<Declaration>@property (nonatomic, assign) id&lt;IFlyRecognizerViewDelegate&gt; delegate</Declaration>
			
			
			<Anchor>//api/name/delegate</Anchor>
            <NodeRef refid="8"/>
		</Token>
		
		<Token>
			<TokenIdentifier>//apple_ref/occ/instm/IFlyRecognizerView/delegate</TokenIdentifier>
			<Abstract type="html">设置委托对象</Abstract>
			<DeclaredIn>IFlyRecognizerView.h</DeclaredIn>			
			
			<Declaration>@property (nonatomic, assign) id&lt;IFlyRecognizerViewDelegate&gt; delegate</Declaration>
			
			
			<Anchor>//api/name/delegate</Anchor>
            <NodeRef refid="8"/>
		</Token>
		
		<Token>
			<TokenIdentifier>//apple_ref/occ/instp/IFlyRecognizerView/delegate</TokenIdentifier>
			<Abstract type="html">设置委托对象</Abstract>
			<DeclaredIn>IFlyRecognizerView.h</DeclaredIn>			
			
			<Declaration>@property (nonatomic, assign) id&lt;IFlyRecognizerViewDelegate&gt; delegate</Declaration>
			
			
			<Anchor>//api/name/delegate</Anchor>
            <NodeRef refid="8"/>
		</Token>
		
		<Token>
			<TokenIdentifier>//apple_ref/occ/instm/IFlyRecognizerView/initWithOrigin:</TokenIdentifier>
			<Abstract type="html">初始化控件</Abstract>
			<DeclaredIn>IFlyRecognizerView.h</DeclaredIn>			
			
			<Declaration>- (id)initWithOrigin:(CGPoint)origin</Declaration>
			<Parameters>
				<Parameter>
					<Name>origin</Name>
					<Abstract type="html">控件左上角的坐标</Abstract>
				</Parameter>
			</Parameters>
			<ReturnValue><Abstract type="html">IFlyRecognizerView 对象</Abstract></ReturnValue>
			<Anchor>//api/name/initWithOrigin:</Anchor>
            <NodeRef refid="8"/>
		</Token>
		
		<Token>
			<TokenIdentifier>//apple_ref/occ/instm/IFlyRecognizerView/initWithCenter:</TokenIdentifier>
			<Abstract type="html">初始化控件</Abstract>
			<DeclaredIn>IFlyRecognizerView.h</DeclaredIn>			
			
			<Declaration>- (id)initWithCenter:(CGPoint)center</Declaration>
			<Parameters>
				<Parameter>
					<Name>center</Name>
					<Abstract type="html">控件中心的坐标</Abstract>
				</Parameter>
			</Parameters>
			<ReturnValue><Abstract type="html">IFlyRecognizerView 对象</Abstract></ReturnValue>
			<Anchor>//api/name/initWithCenter:</Anchor>
            <NodeRef refid="8"/>
		</Token>
		
		<Token>
			<TokenIdentifier>//apple_ref/occ/instm/IFlyRecognizerView/setAutoRotate:</TokenIdentifier>
			<Abstract type="html">设置横竖屏自适应</Abstract>
			<DeclaredIn>IFlyRecognizerView.h</DeclaredIn>			
			
			<Declaration>- (void)setAutoRotate:(BOOL)autoRotate</Declaration>
			<Parameters>
				<Parameter>
					<Name>autoRotate</Name>
					<Abstract type="html">默认值YES，横竖屏自适应</Abstract>
				</Parameter>
			</Parameters>
			
			<Anchor>//api/name/setAutoRotate:</Anchor>
            <NodeRef refid="8"/>
		</Token>
		
		<Token>
			<TokenIdentifier>//apple_ref/occ/instm/IFlyRecognizerView/setParameter:forKey:</TokenIdentifier>
			<Abstract type="html">设置识别引擎的参数
识别的引擎参数(key)取值如下：
&lt;table&gt;
&lt;thead&gt;
&lt;tr&gt;&lt;th&gt;*参数&lt;/th&gt;&lt;th&gt;&lt;em&gt;描述&lt;/em&gt;&lt;/th&gt;
&lt;/tr&gt;
&lt;/thead&gt;
&lt;tbody&gt;
&lt;tr&gt;&lt;td&gt;domain&lt;/td&gt;&lt;td&gt;应用的领域: 取值为:iat、search、video、poi、music、asr；&lt;br/&gt;iat：普通文本听写；&lt;br/&gt;search：热词搜索；&lt;br/&gt;video：视频音乐搜索；&lt;br/&gt;video：视频音乐搜索；&lt;br/&gt;asr：关键词识别;&lt;/td&gt;&lt;/tr&gt;
&lt;tr&gt;&lt;td&gt;vad_bos&lt;/td&gt;&lt;td&gt;前端点检测: 静音超时时间，即用户多长时间不说话则当做超时处理； 单位：ms；&lt;br/&gt;engine指定iat识别默认值为5000；&lt;br/&gt;其他情况默认值为 4000，范围 0-10000。&lt;/td&gt;&lt;/tr&gt;
&lt;tr&gt;&lt;td&gt;vad_eos&lt;/td&gt;&lt;td&gt;后断点检测: 后端点静音检测时间,即用户停止说话多长时间内即认为不再输入,&lt;br/&gt;自动停止录音；单位:ms;&lt;br/&gt;sms 识别默认值为 1800;&lt;br/&gt;其他默认值为 700，范围 0-10000。&lt;/td&gt;&lt;/tr&gt;
&lt;tr&gt;&lt;td&gt;sample_rate&lt;/td&gt;&lt;td&gt;采样率:目前支持的采样率设置有 16000 和 8000。&lt;/td&gt;&lt;/tr&gt;
&lt;tr&gt;&lt;td&gt;asr_ptt&lt;/td&gt;&lt;td&gt;标点符号设置: 默认为 1，当设置为 0 时，将返回无标点符号文本。&lt;/td&gt;&lt;/tr&gt;
&lt;tr&gt;&lt;td&gt;result_type&lt;/td&gt;&lt;td&gt;返回结果的数据格式: 可设置为json，xml，plain，默认为json。&lt;/td&gt;&lt;/tr&gt;
&lt;tr&gt;&lt;td&gt;grammarID&lt;/td&gt;&lt;td&gt;识别的语法id: 只针对 domain 设置为”asr”的应用。&lt;/td&gt;&lt;/tr&gt;
&lt;tr&gt;&lt;td&gt;asraudiopath&lt;/td&gt;&lt;td&gt;音频文件名: 设置此参数后，将会自动保存识别的录音文件。&lt;br/&gt; 路径为Documents/(指定值)。&lt;br/&gt;不设置或者设置为nil，则不保存音频。&lt;/td&gt;&lt;/tr&gt;
&lt;tr&gt;&lt;td&gt;params&lt;/td&gt;&lt;td&gt;扩展参数: 对于一些特殊的参数可在此设置，一般用于设置语义。&lt;/td&gt;&lt;/tr&gt;
&lt;/tbody&gt;
&lt;/table&gt;</Abstract>
			<DeclaredIn>IFlyRecognizerView.h</DeclaredIn>			
			
			<Declaration>- (BOOL)setParameter:(NSString *)value forKey:(NSString *)key</Declaration>
			<Parameters>
				<Parameter>
					<Name>value</Name>
					<Abstract type="html">参数对应的取值</Abstract>
				</Parameter><Parameter>
					<Name>key</Name>
					<Abstract type="html">识别引擎参数</Abstract>
				</Parameter>
			</Parameters>
			<ReturnValue><Abstract type="html">成功返回YES；失败返回NO</Abstract></ReturnValue>
			<Anchor>//api/name/setParameter:forKey:</Anchor>
            <NodeRef refid="8"/>
		</Token>
		
		<Token>
			<TokenIdentifier>//apple_ref/occ/instm/IFlyRecognizerView/parameterForKey:</TokenIdentifier>
			<Abstract type="html">获取识别引擎参数</Abstract>
			<DeclaredIn>IFlyRecognizerView.h</DeclaredIn>			
			
			<Declaration>- (NSString *)parameterForKey:(NSString *)key</Declaration>
			<Parameters>
				<Parameter>
					<Name>key</Name>
					<Abstract type="html">参数key</Abstract>
				</Parameter>
			</Parameters>
			<ReturnValue><Abstract type="html">参数值</Abstract></ReturnValue>
			<Anchor>//api/name/parameterForKey:</Anchor>
            <NodeRef refid="8"/>
		</Token>
		
		<Token>
			<TokenIdentifier>//apple_ref/occ/instm/IFlyRecognizerView/start</TokenIdentifier>
			<Abstract type="html">开始识别</Abstract>
			<DeclaredIn>IFlyRecognizerView.h</DeclaredIn>			
			
			<Declaration>- (BOOL)start</Declaration>
			
			<ReturnValue><Abstract type="html">成功返回YES；失败返回NO</Abstract></ReturnValue>
			<Anchor>//api/name/start</Anchor>
            <NodeRef refid="8"/>
		</Token>
		
		<Token>
			<TokenIdentifier>//apple_ref/occ/instm/IFlyRecognizerView/cancel</TokenIdentifier>
			<Abstract type="html">取消本次识别</Abstract>
			<DeclaredIn>IFlyRecognizerView.h</DeclaredIn>			
			
			<Declaration>- (void)cancel</Declaration>
			
			
			<Anchor>//api/name/cancel</Anchor>
            <NodeRef refid="8"/>
		</Token>
		
	</File>
</Tokens>