<?xml version="1.0" encoding="UTF-8"?>
<Tokens version="1.0">
	<File path="Classes/IFlyIdentityVerifier.html">
		
		<Token>
			<TokenIdentifier>//apple_ref/occ/cl/IFlyIdentityVerifier</TokenIdentifier>
			<Abstract type="html">身份验证功能类</Abstract>
			<DeclaredIn>IFlyIdentityVerifier.h</DeclaredIn>
			
			<NodeRef refid="6"/>
		</Token>
		
		
		<Token>
			<TokenIdentifier>//apple_ref/occ/instm/IFlyIdentityVerifier/setDelegate:</TokenIdentifier>
			<Abstract type="html">设置委托对象</Abstract>
			<DeclaredIn>IFlyIdentityVerifier.h</DeclaredIn>			
			
			<Declaration>@property (nonatomic, assign) id&lt;IFlyIdentityVerifierDelegate&gt; delegate</Declaration>
			
			
			<Anchor>//api/name/delegate</Anchor>
            <NodeRef refid="6"/>
		</Token>
		
		<Token>
			<TokenIdentifier>//apple_ref/occ/instm/IFlyIdentityVerifier/delegate</TokenIdentifier>
			<Abstract type="html">设置委托对象</Abstract>
			<DeclaredIn>IFlyIdentityVerifier.h</DeclaredIn>			
			
			<Declaration>@property (nonatomic, assign) id&lt;IFlyIdentityVerifierDelegate&gt; delegate</Declaration>
			
			
			<Anchor>//api/name/delegate</Anchor>
            <NodeRef refid="6"/>
		</Token>
		
		<Token>
			<TokenIdentifier>//apple_ref/occ/instp/IFlyIdentityVerifier/delegate</TokenIdentifier>
			<Abstract type="html">设置委托对象</Abstract>
			<DeclaredIn>IFlyIdentityVerifier.h</DeclaredIn>			
			
			<Declaration>@property (nonatomic, assign) id&lt;IFlyIdentityVerifierDelegate&gt; delegate</Declaration>
			
			
			<Anchor>//api/name/delegate</Anchor>
            <NodeRef refid="6"/>
		</Token>
		
		<Token>
			<TokenIdentifier>//apple_ref/occ/clm/IFlyIdentityVerifier/sharedInstance</TokenIdentifier>
			<Abstract type="html">返回身份验证对象的单例</Abstract>
			<DeclaredIn>IFlyIdentityVerifier.h</DeclaredIn>			
			
			<Declaration>+ (IFlyIdentityVerifier *)sharedInstance</Declaration>
			
			<ReturnValue><Abstract type="html">身份验证对象的单例</Abstract></ReturnValue>
			<Anchor>//api/name/sharedInstance</Anchor>
            <NodeRef refid="6"/>
		</Token>
		
		<Token>
			<TokenIdentifier>//apple_ref/occ/clm/IFlyIdentityVerifier/purgeSharedInstance</TokenIdentifier>
			<Abstract type="html">销毁身份验证对象单例。</Abstract>
			<DeclaredIn>IFlyIdentityVerifier.h</DeclaredIn>			
			
			<Declaration>+ (void)purgeSharedInstance</Declaration>
			
			<ReturnValue><Abstract type="html">成功返回YES，失败返回NO。</Abstract></ReturnValue>
			<Anchor>//api/name/purgeSharedInstance</Anchor>
            <NodeRef refid="6"/>
		</Token>
		
		<Token>
			<TokenIdentifier>//apple_ref/occ/instm/IFlyIdentityVerifier/setParameter:forKey:</TokenIdentifier>
			<Abstract type="html">设置参数</Abstract>
			<DeclaredIn>IFlyIdentityVerifier.h</DeclaredIn>			
			
			<Declaration>- (BOOL)setParameter:(NSString *)value forKey:(NSString *)key</Declaration>
			<Parameters>
				<Parameter>
					<Name>value</Name>
					<Abstract type="html">参数值</Abstract>
				</Parameter><Parameter>
					<Name>key</Name>
					<Abstract type="html">参数名</Abstract>
				</Parameter>
			</Parameters>
			<ReturnValue><Abstract type="html">设置的参数和取值正确返回YES,失败返回NO</Abstract></ReturnValue>
			<Anchor>//api/name/setParameter:forKey:</Anchor>
            <NodeRef refid="6"/>
		</Token>
		
		<Token>
			<TokenIdentifier>//apple_ref/occ/instm/IFlyIdentityVerifier/startWorking</TokenIdentifier>
			<Abstract type="html">开始会话
在这之后会开始各项业务。</Abstract>
			<DeclaredIn>IFlyIdentityVerifier.h</DeclaredIn>			
			
			<Declaration>- (void)startWorking</Declaration>
			
			
			<Anchor>//api/name/startWorking</Anchor>
            <NodeRef refid="6"/>
		</Token>
		
		<Token>
			<TokenIdentifier>//apple_ref/occ/instm/IFlyIdentityVerifier/write:data:offset:length:withParams:</TokenIdentifier>
			<Abstract type="html">写入子业务数据、或者进行模型操作、下载密码。</Abstract>
			<DeclaredIn>IFlyIdentityVerifier.h</DeclaredIn>			
			
			<Declaration>- (void)write:(NSString *)ssub data:(NSData *)data offset:(int)offset length:(int)length withParams:(NSString *)params</Declaration>
			<Parameters>
				<Parameter>
					<Name>ssub</Name>
					<Abstract type="html">子业务名</Abstract>
				</Parameter><Parameter>
					<Name>data</Name>
					<Abstract type="html">数据</Abstract>
				</Parameter><Parameter>
					<Name>offset</Name>
					<Abstract type="html">偏移量</Abstract>
				</Parameter><Parameter>
					<Name>length</Name>
					<Abstract type="html">长度</Abstract>
				</Parameter><Parameter>
					<Name>params</Name>
					<Abstract type="html">参数
&lt;table&gt;
&lt;thead&gt;
&lt;tr&gt;&lt;th&gt;*ifr参数&lt;/th&gt;&lt;th&gt;&lt;em&gt;描述&lt;/em&gt;&lt;/th&gt;&lt;/tr&gt;
&lt;/thead&gt;
&lt;tbody&gt;
&lt;tr&gt;&lt;td&gt;data_format&lt;/td&gt;&lt;td&gt;数据格式:即图片格式，支持jpg(默认)，gif&lt;/td&gt;&lt;/tr&gt;
&lt;tr&gt;&lt;td&gt;data_encoding&lt;/td&gt;&lt;td&gt;数据压缩编码：即图片压缩编码，支持raw(不压缩，默认值)&lt;/td&gt;&lt;/tr&gt;
&lt;tr&gt;&lt;td&gt;wtt&lt;/td&gt;&lt;td&gt;等待超时时间: 支持大于0的整数，默认为3000ms&lt;/td&gt;&lt;/tr&gt;
&lt;/tbody&gt;
&lt;thead&gt;
&lt;tr&gt;&lt;th&gt;*ivp参数&lt;/th&gt;&lt;th&gt;&lt;em&gt;描述&lt;/em&gt;&lt;/th&gt;&lt;/tr&gt;
&lt;/thead&gt;
&lt;tbody&gt;
&lt;tr&gt;&lt;td&gt;rgn&lt;/td&gt;&lt;td&gt;训练次数：取值2~9.无默认值，必须明确指定。&lt;/td&gt;&lt;/tr&gt;
&lt;tr&gt;&lt;td&gt;tsd&lt;/td&gt;&lt;td&gt;声纹确认门限值，验证得分&gt;=tsd验证通过，否则验证失败（该参数目前不支持，作为保留参数。）却只范围：0~100.&lt;/td&gt;&lt;/tr&gt;
&lt;tr&gt;&lt;td&gt;ptxt&lt;/td&gt;&lt;td&gt;密码文本。从服务端下载，比如数字密码所需要的数字串。&lt;/td&gt;&lt;/tr&gt;
&lt;tr&gt;&lt;td&gt;pwdt&lt;/td&gt;&lt;td&gt;密码类型。取值：1(文本密码),2(自由说),3(数字密码).&lt;/td&gt;&lt;/tr&gt;
&lt;tr&gt;&lt;td&gt;fin&lt;/td&gt;&lt;td&gt;取消注册。取值：0(不取消，即不生效),1(取消本次注册).&lt;/td&gt;&lt;/tr&gt;
&lt;tr&gt;&lt;td&gt;wtt&lt;/td&gt;&lt;td&gt;等待超时时间:描述客户端等待结果的超时时间.&lt;/td&gt;&lt;/tr&gt;
&lt;tr&gt;&lt;td&gt;vad_enable&lt;/td&gt;&lt;td&gt;VAD功能开关。是否启用VAD处理，取值：1(开启,默认),0(不开启)。&lt;/td&gt;&lt;/tr&gt;
&lt;tr&gt;&lt;td&gt;vad_bos&lt;/td&gt;&lt;td&gt;头部静音最大长度。如果静音长度超过此值，则认为用户此次无有效音频输入。&lt;/br&gt;此参数仅在打开VAD功能时生效。(云端暂时没有)。&lt;/br&gt;取值：0~30000ms,默认为10000ms&lt;/td&gt;&lt;/tr&gt;
&lt;tr&gt;&lt;td&gt;vad_eos&lt;/td&gt;&lt;td&gt;尾部静音长度。如果尾部静音长度超过了此值，则认为音频已经结束。&lt;/br&gt;此参数仅在打开VAD功能时生效。(云端暂时没有)。&lt;/br&gt;取值：0~30000ms,默认为2000ms&lt;/td&gt;&lt;/tr&gt;
&lt;tr&gt;&lt;td&gt;data_encoding&lt;/td&gt;&lt;td&gt;数据压缩编码，音频压缩编码。&lt;/td&gt;&lt;/tr&gt;
&lt;tr&gt;&lt;td&gt;data_format&lt;/td&gt;&lt;td&gt;在声纹业务中为音频采样率，取值：16000(默认)，8000&lt;/td&gt;&lt;/tr&gt;
&lt;/tbody&gt;
&lt;/table&gt;</Abstract>
				</Parameter>
			</Parameters>
			
			<Anchor>//api/name/write:data:offset:length:withParams:</Anchor>
            <NodeRef refid="6"/>
		</Token>
		
		<Token>
			<TokenIdentifier>//apple_ref/occ/instm/IFlyIdentityVerifier/stopWrite:</TokenIdentifier>
			<Abstract type="html">停止子业务数据写入</Abstract>
			<DeclaredIn>IFlyIdentityVerifier.h</DeclaredIn>			
			
			<Declaration>- (void)stopWrite:(NSString *)ssub</Declaration>
			<Parameters>
				<Parameter>
					<Name>ssub</Name>
					<Abstract type="html">子业务名:ivp,ifr</Abstract>
				</Parameter>
			</Parameters>
			
			<Anchor>//api/name/stopWrite:</Anchor>
            <NodeRef refid="6"/>
		</Token>
		
		<Token>
			<TokenIdentifier>//apple_ref/occ/instm/IFlyIdentityVerifier/execute:cmd:params:</TokenIdentifier>
			<Abstract type="html">执行模型查询、删除和声纹密码下载等操作
*注意此方法不能与startWorking方法同时使用。</Abstract>
			<DeclaredIn>IFlyIdentityVerifier.h</DeclaredIn>			
			
			<Declaration>- (void)execute:(NSString *)ssub cmd:(NSString *)cmd params:(NSString *)params</Declaration>
			<Parameters>
				<Parameter>
					<Name>ssub</Name>
					<Abstract type="html">子业务类型、可选值：ivp(声纹)、ifr(人脸)</Abstract>
				</Parameter><Parameter>
					<Name>cmd</Name>
					<Abstract type="html">操作命令，可选值：query、delete、download</Abstract>
				</Parameter><Parameter>
					<Name>params</Name>
					<Abstract type="html">子业务参数，参见write:data:offset:length:withParams:</Abstract>
				</Parameter>
			</Parameters>
			
			<Anchor>//api/name/execute:cmd:params:</Anchor>
            <NodeRef refid="6"/>
		</Token>
		
		<Token>
			<TokenIdentifier>//apple_ref/occ/instm/IFlyIdentityVerifier/cancel</TokenIdentifier>
			<Abstract type="html">取消本次会话</Abstract>
			<DeclaredIn>IFlyIdentityVerifier.h</DeclaredIn>			
			
			<Declaration>- (void)cancel</Declaration>
			
			
			<Anchor>//api/name/cancel</Anchor>
            <NodeRef refid="6"/>
		</Token>
		
	</File>
</Tokens>